{
    "boot_measurements": 33.7040189743042,
    "list_measurements": 2.0430665493011473,
    "time": "2018-01-09T17:12:00"
}