{
    "boot_measurements": 33.67544856071472,
    "list_measurements": 2.041874885559082,
    "time": "2018-01-09T21:12:00"
}