{
    "boot_measurements": 28.98484072685242,
    "list_measurements": 2.0466511726379393,
    "time": "2018-01-10T01:12:00"
}