{
    "boot_measurements": 29.431646490097044,
    "list_measurements": 2.100715160369873,
    "time": "2018-01-10T05:12:00"
}