{
    "boot_measurements": 30.14975996017456,
    "list_measurements": 3.3438995361328123,
    "time": "2018-01-10T09:12:00"
}