{
    "boot_measurements": 33.59453430175781,
    "list_measurements": 2.045977783203125,
    "time": "2018-01-10T13:12:00"
}