{
    "boot_measurements": 36.761852216720584,
    "list_measurements": 2.133139944076538,
    "time": "2018-01-10T17:12:00"
}