{
    "boot_measurements": 32.25505127906799,
    "list_measurements": 2.130488634109497,
    "time": "2018-01-10T21:12:00"
}