{
    "boot_measurements": 28.961791515350342,
    "list_measurements": 2.1073708057403566,
    "time": "2018-01-11T01:12:00"
}