{
    "boot_measurements": 29.330766010284425,
    "list_measurements": 2.9567054748535155,
    "time": "2018-01-11T05:12:00"
}