{
    "boot_measurements": 29.3420428276062,
    "list_measurements": 2.0375674247741697,
    "time": "2018-01-11T09:12:00"
}