{
    "boot_measurements": 28.058109617233278,
    "list_measurements": 2.104173469543457,
    "time": "2018-01-11T13:12:00"
}