{
    "boot_measurements": 32.8072431564331,
    "list_measurements": 2.0733973503112795,
    "time": "2018-01-11T17:12:00"
}