{
    "boot_measurements": 37.34190344810486,
    "list_measurements": 2.2532901763916016,
    "time": "2018-01-11T21:12:00"
}